TITLE, PRICE ,STOCK AVAILABILTY,URL
A Light in the ..., $    51.77 ,In stock,https://books.toscrape.com/a-light-in-the-attic_1000/index.html
Tipping the Velvet, $    51.78 ,In stock,https://books.toscrape.com/tipping-the-velvet_999/index.html
Soumission, $    51.79 ,In stock,https://books.toscrape.com/soumission_998/index.html
Sharp Objects, $    51.80 ,In stock,https://books.toscrape.com/sharp-objects_997/index.html
Sapiens: A Brief History ..., $    51.81 ,In stock,https://books.toscrape.com/sapiens-a-brief-history-of-humankind_996/index.html
The Requiem Red, $    51.82 ,In stock,https://books.toscrape.com/the-requiem-red_995/index.html
The Dirty Little Secrets ..., $    51.83 ,In stock,https://books.toscrape.com/the-dirty-little-secrets-of-getting-your-dream-job_994/index.html
The Coming Woman: A ..., $    51.84 ,In stock,https://books.toscrape.com/the-coming-woman-a-novel-based-on-the-life-of-the-infamous-feminist-victoria-woodhull_993/index.html
The Boys in the ..., $    51.85 ,In stock,https://books.toscrape.com/the-boys-in-the-boat-nine-americans-and-their-epic-quest-for-gold-at-the-1936-berlin-olympics_992/index.html
The Black Maria, $    51.86 ,In stock,https://books.toscrape.com/the-black-maria_991/index.html
Starving Hearts (Triangular Trade ..., $    51.87 ,In stock,https://books.toscrape.com/starving-hearts-triangular-trade-trilogy-1_990/index.html
Shakespeare's Sonnets, $    51.88 ,In stock,https://books.toscrape.com/shakespeares-sonnets_989/index.html
Set Me Free, $    51.89 ,In stock,https://books.toscrape.com/set-me-free_988/index.html
Scott Pilgrim's Precious Little ..., $    51.90 ,In stock,https://books.toscrape.com/scott-pilgrims-precious-little-life-scott-pilgrim-1_987/index.html
Rip it Up and ..., $    51.91 ,In stock,https://books.toscrape.com/rip-it-up-and-start-again_986/index.html
Our Band Could Be ..., $    51.92 ,In stock,https://books.toscrape.com/our-band-could-be-your-life-scenes-from-the-american-indie-underground-1981-1991_985/index.html
Olio, $    51.93 ,In stock,https://books.toscrape.com/olio_984/index.html
Mesaerion: The Best Science ..., $    51.94 ,In stock,https://books.toscrape.com/mesaerion-the-best-science-fiction-stories-1800-1849_983/index.html
Libertarianism for Beginners, $    51.95 ,In stock,https://books.toscrape.com/libertarianism-for-beginners_982/index.html
It's Only the Himalayas, $    51.96 ,In stock,https://books.toscrape.com/its-only-the-himalayas_981/index.html
In Her Wake, $    51.97 ,In stock,https://books.toscrape.com/in-her-wake_980/index.html
How Music Works, $    51.98 ,In stock,https://books.toscrape.com/how-music-works_979/index.html
Foolproof Preserving: A Guide ..., $    51.99 ,In stock,https://books.toscrape.com/foolproof-preserving-a-guide-to-small-batch-jams-jellies-pickles-condiments-and-more-a-foolproof-guide-to-making-small-batch-jams-jellies-pickles-condiments-and-more_978/index.html
Chase Me (Paris Nights ..., $    51.100 ,In stock,https://books.toscrape.com/chase-me-paris-nights-2_977/index.html
Black Dust, $    51.101 ,In stock,https://books.toscrape.com/black-dust_976/index.html
Birdsong: A Story in ..., $    51.102 ,In stock,https://books.toscrape.com/birdsong-a-story-in-pictures_975/index.html
America's Cradle of Quarterbacks: ..., $    51.103 ,In stock,https://books.toscrape.com/americas-cradle-of-quarterbacks-western-pennsylvanias-football-factory-from-johnny-unitas-to-joe-montana_974/index.html
Aladdin and His Wonderful ..., $    51.104 ,In stock,https://books.toscrape.com/aladdin-and-his-wonderful-lamp_973/index.html
Worlds Elsewhere: Journeys Around ..., $    51.105 ,In stock,https://books.toscrape.com/worlds-elsewhere-journeys-around-shakespeares-globe_972/index.html
Wall and Piece, $    51.106 ,In stock,https://books.toscrape.com/wall-and-piece_971/index.html
The Four Agreements: A ..., $    51.107 ,In stock,https://books.toscrape.com/the-four-agreements-a-practical-guide-to-personal-freedom_970/index.html
The Five Love Languages: ..., $    51.108 ,In stock,https://books.toscrape.com/the-five-love-languages-how-to-express-heartfelt-commitment-to-your-mate_969/index.html
The Elephant Tree, $    51.109 ,In stock,https://books.toscrape.com/the-elephant-tree_968/index.html
The Bear and the ..., $    51.110 ,In stock,https://books.toscrape.com/the-bear-and-the-piano_967/index.html
Sophie's World, $    51.111 ,In stock,https://books.toscrape.com/sophies-world_966/index.html
Penny Maybe, $    51.112 ,In stock,https://books.toscrape.com/penny-maybe_965/index.html
Maude (1883-1993):She Grew Up ..., $    51.113 ,In stock,https://books.toscrape.com/maude-1883-1993she-grew-up-with-the-country_964/index.html
"In a Dark, Dark ...", $    51.114 ,In stock,https://books.toscrape.com/in-a-dark-dark-wood_963/index.html
Behind Closed Doors, $    51.115 ,In stock,https://books.toscrape.com/behind-closed-doors_962/index.html
You can't bury them ..., $    51.116 ,In stock,https://books.toscrape.com/you-cant-bury-them-all-poems_961/index.html
Slow States of Collapse: ..., $    51.117 ,In stock,https://books.toscrape.com/slow-states-of-collapse-poems_960/index.html
Reasons to Stay Alive, $    51.118 ,In stock,https://books.toscrape.com/reasons-to-stay-alive_959/index.html
Private Paris (Private #10), $    51.119 ,In stock,https://books.toscrape.com/private-paris-private-10_958/index.html
#HigherSelfie: Wake Up Your ..., $    51.120 ,In stock,https://books.toscrape.com/higherselfie-wake-up-your-life-free-your-soul-find-your-tribe_957/index.html
Without Borders (Wanderlove #1), $    51.121 ,In stock,https://books.toscrape.com/without-borders-wanderlove-1_956/index.html
When We Collided, $    51.122 ,In stock,https://books.toscrape.com/when-we-collided_955/index.html
"We Love You, Charlie ...", $    51.123 ,In stock,https://books.toscrape.com/we-love-you-charlie-freeman_954/index.html
Untitled Collection: Sabbath Poems ..., $    51.124 ,In stock,https://books.toscrape.com/untitled-collection-sabbath-poems-2014_953/index.html
Unseen City: The Majesty ..., $    51.125 ,In stock,https://books.toscrape.com/unseen-city-the-majesty-of-pigeons-the-discreet-charm-of-snails-other-wonders-of-the-urban-wilderness_952/index.html
Unicorn Tracks, $    51.126 ,In stock,https://books.toscrape.com/unicorn-tracks_951/index.html
Unbound: How Eight Technologies ..., $    51.127 ,In stock,https://books.toscrape.com/unbound-how-eight-technologies-made-us-human-transformed-society-and-brought-our-world-to-the-brink_950/index.html
Tsubasa: WoRLD CHRoNiCLE 2 ..., $    51.128 ,In stock,https://books.toscrape.com/tsubasa-world-chronicle-2-tsubasa-world-chronicle-2_949/index.html
Throwing Rocks at the ..., $    51.129 ,In stock,https://books.toscrape.com/throwing-rocks-at-the-google-bus-how-growth-became-the-enemy-of-prosperity_948/index.html
This One Summer, $    51.130 ,In stock,https://books.toscrape.com/this-one-summer_947/index.html
Thirst, $    51.131 ,In stock,https://books.toscrape.com/thirst_946/index.html
The Torch Is Passed: ..., $    51.132 ,In stock,https://books.toscrape.com/the-torch-is-passed-a-harding-family-story_945/index.html
The Secret of Dreadwillow ..., $    51.133 ,In stock,https://books.toscrape.com/the-secret-of-dreadwillow-carse_944/index.html
The Pioneer Woman Cooks: ..., $    51.134 ,In stock,https://books.toscrape.com/the-pioneer-woman-cooks-dinnertime-comfort-classics-freezer-food-16-minute-meals-and-other-delicious-ways-to-solve-supper_943/index.html
The Past Never Ends, $    51.135 ,In stock,https://books.toscrape.com/the-past-never-ends_942/index.html
The Natural History of ..., $    51.136 ,In stock,https://books.toscrape.com/the-natural-history-of-us-the-fine-art-of-pretending-2_941/index.html
The Nameless City (The ..., $    51.137 ,In stock,https://books.toscrape.com/the-nameless-city-the-nameless-city-1_940/index.html
The Murder That Never ..., $    51.138 ,In stock,https://books.toscrape.com/the-murder-that-never-was-forensic-instincts-5_939/index.html
The Most Perfect Thing: ..., $    51.139 ,In stock,https://books.toscrape.com/the-most-perfect-thing-inside-and-outside-a-birds-egg_938/index.html
The Mindfulness and Acceptance ..., $    51.140 ,In stock,https://books.toscrape.com/the-mindfulness-and-acceptance-workbook-for-anxiety-a-guide-to-breaking-free-from-anxiety-phobias-and-worry-using-acceptance-and-commitment-therapy_937/index.html
The Life-Changing Magic of ..., $    51.141 ,In stock,https://books.toscrape.com/the-life-changing-magic-of-tidying-up-the-japanese-art-of-decluttering-and-organizing_936/index.html
The Inefficiency Assassin: Time ..., $    51.142 ,In stock,https://books.toscrape.com/the-inefficiency-assassin-time-management-tactics-for-working-smarter-not-longer_935/index.html
The Gutsy Girl: Escapades ..., $    51.143 ,In stock,https://books.toscrape.com/the-gutsy-girl-escapades-for-your-life-of-epic-adventure_934/index.html
The Electric Pencil: Drawings ..., $    51.144 ,In stock,https://books.toscrape.com/the-electric-pencil-drawings-from-inside-state-hospital-no-3_933/index.html
The Death of Humanity: ..., $    51.145 ,In stock,https://books.toscrape.com/the-death-of-humanity-and-the-case-for-life_932/index.html
The Bulletproof Diet: Lose ..., $    51.146 ,In stock,https://books.toscrape.com/the-bulletproof-diet-lose-up-to-a-pound-a-day-reclaim-energy-and-focus-upgrade-your-life_931/index.html
The Art Forger, $    51.147 ,In stock,https://books.toscrape.com/the-art-forger_930/index.html
The Age of Genius: ..., $    51.148 ,In stock,https://books.toscrape.com/the-age-of-genius-the-seventeenth-century-and-the-birth-of-the-modern-mind_929/index.html
The Activist's Tao Te ..., $    51.149 ,In stock,https://books.toscrape.com/the-activists-tao-te-ching-ancient-advice-for-a-modern-revolution_928/index.html
Spark Joy: An Illustrated ..., $    51.150 ,In stock,https://books.toscrape.com/spark-joy-an-illustrated-master-class-on-the-art-of-organizing-and-tidying-up_927/index.html
Soul Reader, $    51.151 ,In stock,https://books.toscrape.com/soul-reader_926/index.html
Security, $    51.152 ,In stock,https://books.toscrape.com/security_925/index.html
"Saga, Volume 6 (Saga ...", $    51.153 ,In stock,https://books.toscrape.com/saga-volume-6-saga-collected-editions-6_924/index.html
"Saga, Volume 5 (Saga ...", $    51.154 ,In stock,https://books.toscrape.com/saga-volume-5-saga-collected-editions-5_923/index.html
Reskilling America: Learning to ..., $    51.155 ,In stock,https://books.toscrape.com/reskilling-america-learning-to-labor-in-the-twenty-first-century_922/index.html
"Rat Queens, Vol. 3: ...", $    51.156 ,In stock,https://books.toscrape.com/rat-queens-vol-3-demons-rat-queens-collected-editions-11-15_921/index.html
"Princess Jellyfish 2-in-1 Omnibus, ...", $    51.157 ,In stock,https://books.toscrape.com/princess-jellyfish-2-in-1-omnibus-vol-01-princess-jellyfish-2-in-1-omnibus-1_920/index.html
Princess Between Worlds (Wide-Awake ..., $    51.158 ,In stock,https://books.toscrape.com/princess-between-worlds-wide-awake-princess-5_919/index.html
"Pop Gun War, Volume ...", $    51.159 ,In stock,https://books.toscrape.com/pop-gun-war-volume-1-gift_918/index.html
"Political Suicide: Missteps, Peccadilloes, ...", $    51.160 ,In stock,https://books.toscrape.com/political-suicide-missteps-peccadilloes-bad-calls-backroom-hijinx-sordid-pasts-rotten-breaks-and-just-plain-dumb-mistakes-in-the-annals-of-american-politics_917/index.html
Patience, $    51.161 ,In stock,https://books.toscrape.com/patience_916/index.html
"Outcast, Vol. 1: A ...", $    51.162 ,In stock,https://books.toscrape.com/outcast-vol-1-a-darkness-surrounds-him-outcast-1_915/index.html
orange: The Complete Collection ..., $    51.163 ,In stock,https://books.toscrape.com/orange-the-complete-collection-1-orange-the-complete-collection-1_914/index.html
Online Marketing for Busy ..., $    51.164 ,In stock,https://books.toscrape.com/online-marketing-for-busy-authors-a-step-by-step-guide_913/index.html
On a Midnight Clear, $    51.165 ,In stock,https://books.toscrape.com/on-a-midnight-clear_912/index.html
Obsidian (Lux #1), $    51.166 ,In stock,https://books.toscrape.com/obsidian-lux-1_911/index.html
My Paris Kitchen: Recipes ..., $    51.167 ,In stock,https://books.toscrape.com/my-paris-kitchen-recipes-and-stories_910/index.html
Masks and Shadows, $    51.168 ,In stock,https://books.toscrape.com/masks-and-shadows_909/index.html
Mama Tried: Traditional Italian ..., $    51.169 ,In stock,https://books.toscrape.com/mama-tried-traditional-italian-cooking-for-the-screwed-crude-vegan-and-tattooed_908/index.html
"Lumberjanes, Vol. 2: Friendship ...", $    51.170 ,In stock,https://books.toscrape.com/lumberjanes-vol-2-friendship-to-the-max-lumberjanes-5-8_907/index.html
"Lumberjanes, Vol. 1: Beware ...", $    51.171 ,In stock,https://books.toscrape.com/lumberjanes-vol-1-beware-the-kitten-holy-lumberjanes-1-4_906/index.html
Lumberjanes Vol. 3: A ..., $    51.172 ,In stock,https://books.toscrape.com/lumberjanes-vol-3-a-terrible-plan-lumberjanes-9-12_905/index.html
"Layered: Baking, Building, and ...", $    51.173 ,In stock,https://books.toscrape.com/layered-baking-building-and-styling-spectacular-cakes_904/index.html
Judo: Seven Steps to ..., $    51.174 ,In stock,https://books.toscrape.com/judo-seven-steps-to-black-belt-an-introductory-guide-for-beginners_903/index.html
Join, $    51.175 ,In stock,https://books.toscrape.com/join_902/index.html
In the Country We ..., $    51.176 ,In stock,https://books.toscrape.com/in-the-country-we-love-my-family-divided_901/index.html
Immunity: How Elie Metchnikoff ..., $    51.177 ,In stock,https://books.toscrape.com/immunity-how-elie-metchnikoff-changed-the-course-of-modern-medicine_900/index.html
"I Hate Fairyland, Vol. ...", $    51.178 ,In stock,https://books.toscrape.com/i-hate-fairyland-vol-1-madly-ever-after-i-hate-fairyland-compilations-1-5_899/index.html
I am a Hero ..., $    51.179 ,In stock,https://books.toscrape.com/i-am-a-hero-omnibus-volume-1_898/index.html
How to Be Miserable: ..., $    51.180 ,In stock,https://books.toscrape.com/how-to-be-miserable-40-strategies-you-already-use_897/index.html
Her Backup Boyfriend (The ..., $    51.181 ,In stock,https://books.toscrape.com/her-backup-boyfriend-the-sorensen-family-1_896/index.html
"Giant Days, Vol. 2 ...", $    51.182 ,In stock,https://books.toscrape.com/giant-days-vol-2-giant-days-5-8_895/index.html
Forever and Forever: The ..., $    51.183 ,In stock,https://books.toscrape.com/forever-and-forever-the-courtship-of-henry-longfellow-and-fanny-appleton_894/index.html
First and First (Five ..., $    51.184 ,In stock,https://books.toscrape.com/first-and-first-five-boroughs-3_893/index.html
Fifty Shades Darker (Fifty ..., $    51.185 ,In stock,https://books.toscrape.com/fifty-shades-darker-fifty-shades-2_892/index.html
Everydata: The Misinformation Hidden ..., $    51.186 ,In stock,https://books.toscrape.com/everydata-the-misinformation-hidden-in-the-little-data-you-consume-every-day_891/index.html
Don't Be a Jerk: ..., $    51.187 ,In stock,https://books.toscrape.com/dont-be-a-jerk-and-other-practical-advice-from-dogen-japans-greatest-zen-master_890/index.html
Danganronpa Volume 1, $    51.188 ,In stock,https://books.toscrape.com/danganronpa-volume-1_889/index.html
Crown of Midnight (Throne ..., $    51.189 ,In stock,https://books.toscrape.com/crown-of-midnight-throne-of-glass-2_888/index.html
"Codename Baboushka, Volume 1: ...", $    51.190 ,In stock,https://books.toscrape.com/codename-baboushka-volume-1-the-conclave-of-death_887/index.html
Camp Midnight, $    51.191 ,In stock,https://books.toscrape.com/camp-midnight_886/index.html
Call the Nurse: True ..., $    51.192 ,In stock,https://books.toscrape.com/call-the-nurse-true-stories-of-a-country-nurse-on-a-scottish-isle_885/index.html
Burning, $    51.193 ,In stock,https://books.toscrape.com/burning_884/index.html
Bossypants, $    51.194 ,In stock,https://books.toscrape.com/bossypants_883/index.html
"Bitch Planet, Vol. 1: ...", $    51.195 ,In stock,https://books.toscrape.com/bitch-planet-vol-1-extraordinary-machine-bitch-planet-collected-editions_882/index.html
Avatar: The Last Airbender: ..., $    51.196 ,In stock,https://books.toscrape.com/avatar-the-last-airbender-smoke-and-shadow-part-3-smoke-and-shadow-3_881/index.html
Algorithms to Live By: ..., $    51.197 ,In stock,https://books.toscrape.com/algorithms-to-live-by-the-computer-science-of-human-decisions_880/index.html
A World of Flavor: ..., $    51.198 ,In stock,https://books.toscrape.com/a-world-of-flavor-your-gluten-free-passport_879/index.html
"A Piece of Sky, ...", $    51.199 ,In stock,https://books.toscrape.com/a-piece-of-sky-a-grain-of-rice-a-memoir-in-four-meditations_878/index.html
A Murder in Time, $    51.200 ,In stock,https://books.toscrape.com/a-murder-in-time_877/index.html
A Flight of Arrows ..., $    51.201 ,In stock,https://books.toscrape.com/a-flight-of-arrows-the-pathfinders-2_876/index.html
A Fierce and Subtle ..., $    51.202 ,In stock,https://books.toscrape.com/a-fierce-and-subtle-poison_875/index.html
A Court of Thorns ..., $    51.203 ,In stock,https://books.toscrape.com/a-court-of-thorns-and-roses-a-court-of-thorns-and-roses-1_874/index.html
(Un)Qualified: How God Uses ..., $    51.204 ,In stock,https://books.toscrape.com/unqualified-how-god-uses-broken-people-to-do-big-things_873/index.html
You Are What You ..., $    51.205 ,In stock,https://books.toscrape.com/you-are-what-you-love-the-spiritual-power-of-habit_872/index.html
William Shakespeare's Star Wars: ..., $    51.206 ,In stock,https://books.toscrape.com/william-shakespeares-star-wars-verily-a-new-hope-william-shakespeares-star-wars-4_871/index.html
Tuesday Nights in 1980, $    51.207 ,In stock,https://books.toscrape.com/tuesday-nights-in-1980_870/index.html
Tracing Numbers on a ..., $    51.208 ,In stock,https://books.toscrape.com/tracing-numbers-on-a-train_869/index.html
Throne of Glass (Throne ..., $    51.209 ,In stock,https://books.toscrape.com/throne-of-glass-throne-of-glass-1_868/index.html
Thomas Jefferson and the ..., $    51.210 ,In stock,https://books.toscrape.com/thomas-jefferson-and-the-tripoli-pirates-the-forgotten-war-that-changed-american-history_867/index.html
Thirteen Reasons Why, $    51.211 ,In stock,https://books.toscrape.com/thirteen-reasons-why_866/index.html
The White Cat and ..., $    51.212 ,In stock,https://books.toscrape.com/the-white-cat-and-the-monk-a-retelling-of-the-poem-pangur-ban_865/index.html
The Wedding Dress, $    51.213 ,In stock,https://books.toscrape.com/the-wedding-dress_864/index.html
The Vacationers, $    51.214 ,In stock,https://books.toscrape.com/the-vacationers_863/index.html
The Third Wave: An ..., $    51.215 ,In stock,https://books.toscrape.com/the-third-wave-an-entrepreneurs-vision-of-the-future_862/index.html
The Stranger, $    51.216 ,In stock,https://books.toscrape.com/the-stranger_861/index.html
The Shadow Hero (The ..., $    51.217 ,In stock,https://books.toscrape.com/the-shadow-hero-the-shadow-hero_860/index.html
The Secret (The Secret ..., $    51.218 ,In stock,https://books.toscrape.com/the-secret-the-secret-1_859/index.html
The Regional Office Is ..., $    51.219 ,In stock,https://books.toscrape.com/the-regional-office-is-under-attack_858/index.html
The Psychopath Test: A ..., $    51.220 ,In stock,https://books.toscrape.com/the-psychopath-test-a-journey-through-the-madness-industry_857/index.html
The Project, $    51.221 ,In stock,https://books.toscrape.com/the-project_856/index.html
The Power of Now: ..., $    51.222 ,In stock,https://books.toscrape.com/the-power-of-now-a-guide-to-spiritual-enlightenment_855/index.html
The Omnivore's Dilemma: A ..., $    51.223 ,In stock,https://books.toscrape.com/the-omnivores-dilemma-a-natural-history-of-four-meals_854/index.html
The Nerdy Nummies Cookbook: ..., $    51.224 ,In stock,https://books.toscrape.com/the-nerdy-nummies-cookbook-sweet-treats-for-the-geek-in-all-of-us_853/index.html
The Murder of Roger ..., $    51.225 ,In stock,https://books.toscrape.com/the-murder-of-roger-ackroyd-hercule-poirot-4_852/index.html
The Mistake (Off-Campus #2), $    51.226 ,In stock,https://books.toscrape.com/the-mistake-off-campus-2_851/index.html
The Matchmaker's Playbook (Wingmen ..., $    51.227 ,In stock,https://books.toscrape.com/the-matchmakers-playbook-wingmen-inc-1_850/index.html
The Love and Lemons ..., $    51.228 ,In stock,https://books.toscrape.com/the-love-and-lemons-cookbook-an-apple-to-zucchini-celebration-of-impromptu-cooking_849/index.html
The Long Shadow of ..., $    51.229 ,In stock,https://books.toscrape.com/the-long-shadow-of-small-ghosts-murder-and-memory-in-an-american-city_848/index.html
The Kite Runner, $    51.230 ,In stock,https://books.toscrape.com/the-kite-runner_847/index.html
The House by the ..., $    51.231 ,In stock,https://books.toscrape.com/the-house-by-the-lake_846/index.html
The Glittering Court (The ..., $    51.232 ,In stock,https://books.toscrape.com/the-glittering-court-the-glittering-court-1_845/index.html
The Girl on the ..., $    51.233 ,In stock,https://books.toscrape.com/the-girl-on-the-train_844/index.html
The Genius of Birds, $    51.234 ,In stock,https://books.toscrape.com/the-genius-of-birds_843/index.html
The Emerald Mystery, $    51.235 ,In stock,https://books.toscrape.com/the-emerald-mystery_842/index.html
The Cookies & Cups ..., $    51.236 ,In stock,https://books.toscrape.com/the-cookies-cups-cookbook-125-sweet-savory-recipes-reminding-you-to-always-eat-dessert-first_841/index.html
The Bridge to Consciousness: ..., $    51.237 ,In stock,https://books.toscrape.com/the-bridge-to-consciousness-im-writing-the-bridge-between-science-and-our-old-and-new-beliefs_840/index.html
The Artist's Way: A ..., $    51.238 ,In stock,https://books.toscrape.com/the-artists-way-a-spiritual-path-to-higher-creativity_839/index.html
The Art of War, $    51.239 ,In stock,https://books.toscrape.com/the-art-of-war_838/index.html
The Argonauts, $    51.240 ,In stock,https://books.toscrape.com/the-argonauts_837/index.html
The 10% Entrepreneur: Live ..., $    51.241 ,In stock,https://books.toscrape.com/the-10-entrepreneur-live-your-startup-dream-without-quitting-your-day-job_836/index.html
Suddenly in Love (Lake ..., $    51.242 ,In stock,https://books.toscrape.com/suddenly-in-love-lake-haven-1_835/index.html
Something More Than This, $    51.243 ,In stock,https://books.toscrape.com/something-more-than-this_834/index.html
Soft Apocalypse, $    51.244 ,In stock,https://books.toscrape.com/soft-apocalypse_833/index.html
So You've Been Publicly ..., $    51.245 ,In stock,https://books.toscrape.com/so-youve-been-publicly-shamed_832/index.html
Shoe Dog: A Memoir ..., $    51.246 ,In stock,https://books.toscrape.com/shoe-dog-a-memoir-by-the-creator-of-nike_831/index.html
"Shobu Samurai, Project Aryoku ...", $    51.247 ,In stock,https://books.toscrape.com/shobu-samurai-project-aryoku-3_830/index.html
Secrets and Lace (Fatal ..., $    51.248 ,In stock,https://books.toscrape.com/secrets-and-lace-fatal-hearts-1_829/index.html
Scarlett Epstein Hates It ..., $    51.249 ,In stock,https://books.toscrape.com/scarlett-epstein-hates-it-here_828/index.html
Romero and Juliet: A ..., $    51.250 ,In stock,https://books.toscrape.com/romero-and-juliet-a-tragic-tale-of-love-and-zombies_827/index.html
Redeeming Love, $    51.251 ,In stock,https://books.toscrape.com/redeeming-love_826/index.html
Poses for Artists Volume ..., $    51.252 ,In stock,https://books.toscrape.com/poses-for-artists-volume-1-dynamic-and-sitting-poses-an-essential-reference-for-figure-drawing-and-the-human-form_825/index.html
Poems That Make Grown ..., $    51.253 ,In stock,https://books.toscrape.com/poems-that-make-grown-women-cry_824/index.html
"Nightingale, Sing", $    51.254 ,In stock,https://books.toscrape.com/nightingale-sing_823/index.html
Night Sky with Exit ..., $    51.255 ,In stock,https://books.toscrape.com/night-sky-with-exit-wounds_822/index.html
Mrs. Houdini, $    51.256 ,In stock,https://books.toscrape.com/mrs-houdini_821/index.html
Modern Romance, $    51.257 ,In stock,https://books.toscrape.com/modern-romance_820/index.html
Miss Peregrineâs Home for ..., $    51.258 ,In stock,https://books.toscrape.com/miss-peregrines-home-for-peculiar-children-miss-peregrines-peculiar-children-1_819/index.html
Louisa: The Extraordinary Life ..., $    51.259 ,In stock,https://books.toscrape.com/louisa-the-extraordinary-life-of-mrs-adams_818/index.html
Little Red, $    51.260 ,In stock,https://books.toscrape.com/little-red_817/index.html
Library of Souls (Miss ..., $    51.261 ,In stock,https://books.toscrape.com/library-of-souls-miss-peregrines-peculiar-children-3_816/index.html
Large Print Heart of ..., $    51.262 ,In stock,https://books.toscrape.com/large-print-heart-of-the-pride_815/index.html
I Had a Nice ..., $    51.263 ,In stock,https://books.toscrape.com/i-had-a-nice-time-and-other-lies-how-to-find-love-sht-like-that_814/index.html
Hollow City (Miss Peregrineâs ..., $    51.264 ,In stock,https://books.toscrape.com/hollow-city-miss-peregrines-peculiar-children-2_813/index.html
Grumbles, $    51.265 ,In stock,https://books.toscrape.com/grumbles_812/index.html
Full Moon over Noahâs ..., $    51.266 ,In stock,https://books.toscrape.com/full-moon-over-noahs-ark-an-odyssey-to-mount-ararat-and-beyond_811/index.html
Frostbite (Vampire Academy #2), $    51.267 ,In stock,https://books.toscrape.com/frostbite-vampire-academy-2_810/index.html
Follow You Home, $    51.268 ,In stock,https://books.toscrape.com/follow-you-home_809/index.html
First Steps for New ..., $    51.269 ,In stock,https://books.toscrape.com/first-steps-for-new-christians-print-edition_808/index.html
Finders Keepers (Bill Hodges ..., $    51.270 ,In stock,https://books.toscrape.com/finders-keepers-bill-hodges-trilogy-2_807/index.html
"Fables, Vol. 1: Legends ...", $    51.271 ,In stock,https://books.toscrape.com/fables-vol-1-legends-in-exile-fables-1_806/index.html
Eureka Trivia 6.0, $    51.272 ,In stock,https://books.toscrape.com/eureka-trivia-60_805/index.html
Drive: The Surprising Truth ..., $    51.273 ,In stock,https://books.toscrape.com/drive-the-surprising-truth-about-what-motivates-us_804/index.html
Done Rubbed Out (Reightman ..., $    51.274 ,In stock,https://books.toscrape.com/done-rubbed-out-reightman-bailey-1_803/index.html
Doing It Over (Most ..., $    51.275 ,In stock,https://books.toscrape.com/doing-it-over-most-likely-to-1_802/index.html
Deliciously Ella Every Day: ..., $    51.276 ,In stock,https://books.toscrape.com/deliciously-ella-every-day-quick-and-easy-recipes-for-gluten-free-snacks-packed-lunches-and-simple-meals_801/index.html
Dark Notes, $    51.277 ,In stock,https://books.toscrape.com/dark-notes_800/index.html
Daring Greatly: How the ..., $    51.278 ,In stock,https://books.toscrape.com/daring-greatly-how-the-courage-to-be-vulnerable-transforms-the-way-we-live-love-parent-and-lead_799/index.html
Close to You, $    51.279 ,In stock,https://books.toscrape.com/close-to-you_798/index.html
Chasing Heaven: What Dying ..., $    51.280 ,In stock,https://books.toscrape.com/chasing-heaven-what-dying-taught-me-about-living_797/index.html
Big Magic: Creative Living ..., $    51.281 ,In stock,https://books.toscrape.com/big-magic-creative-living-beyond-fear_796/index.html
Becoming Wise: An Inquiry ..., $    51.282 ,In stock,https://books.toscrape.com/becoming-wise-an-inquiry-into-the-mystery-and-art-of-living_795/index.html
Beauty Restored (Riley Family ..., $    51.283 ,In stock,https://books.toscrape.com/beauty-restored-riley-family-legacy-novellas-3_794/index.html
Batman: The Long Halloween ..., $    51.284 ,In stock,https://books.toscrape.com/batman-the-long-halloween-batman_793/index.html
Batman: The Dark Knight ..., $    51.285 ,In stock,https://books.toscrape.com/batman-the-dark-knight-returns-batman_792/index.html
Ayumi's Violin, $    51.286 ,In stock,https://books.toscrape.com/ayumis-violin_791/index.html
Anonymous, $    51.287 ,In stock,https://books.toscrape.com/anonymous_790/index.html
Amy Meets the Saints ..., $    51.288 ,In stock,https://books.toscrape.com/amy-meets-the-saints-and-sages_789/index.html
Amid the Chaos, $    51.289 ,In stock,https://books.toscrape.com/amid-the-chaos_788/index.html
Amatus, $    51.290 ,In stock,https://books.toscrape.com/amatus_787/index.html
Agnostic: A Spirited Manifesto, $    51.291 ,In stock,https://books.toscrape.com/agnostic-a-spirited-manifesto_786/index.html
Zealot: The Life and ..., $    51.292 ,In stock,https://books.toscrape.com/zealot-the-life-and-times-of-jesus-of-nazareth_785/index.html
You (You #1), $    51.293 ,In stock,https://books.toscrape.com/you-you-1_784/index.html
"Wonder Woman: Earth One, ...", $    51.294 ,In stock,https://books.toscrape.com/wonder-woman-earth-one-volume-one-wonder-woman-earth-one-1_783/index.html
Wild Swans, $    51.295 ,In stock,https://books.toscrape.com/wild-swans_782/index.html
Why the Right Went ..., $    51.296 ,In stock,https://books.toscrape.com/why-the-right-went-wrong-conservatism-from-goldwater-to-the-tea-party-and-beyond_781/index.html
Whole Lotta Creativity Going ..., $    51.297 ,In stock,https://books.toscrape.com/whole-lotta-creativity-going-on-60-fun-and-unusual-exercises-to-awaken-and-strengthen-your-creativity_780/index.html
What's It Like in ..., $    51.298 ,In stock,https://books.toscrape.com/whats-it-like-in-space-stories-from-astronauts-whove-been-there_779/index.html
"We Are Robin, Vol. ...", $    51.299 ,In stock,https://books.toscrape.com/we-are-robin-vol-1-the-vigilante-business-we-are-robin-1_778/index.html
Walt Disney's Alice in ..., $    51.300 ,In stock,https://books.toscrape.com/walt-disneys-alice-in-wonderland_777/index.html
V for Vendetta (V ..., $    51.301 ,In stock,https://books.toscrape.com/v-for-vendetta-v-for-vendetta-complete_776/index.html
Until Friday Night (The ..., $    51.302 ,In stock,https://books.toscrape.com/until-friday-night-the-field-party-1_775/index.html
Unbroken: A World War ..., $    51.303 ,In stock,https://books.toscrape.com/unbroken-a-world-war-ii-story-of-survival-resilience-and-redemption_774/index.html
Twenty Yawns, $    51.304 ,In stock,https://books.toscrape.com/twenty-yawns_773/index.html
Through the Woods, $    51.305 ,In stock,https://books.toscrape.com/through-the-woods_772/index.html
This Is Where It ..., $    51.306 ,In stock,https://books.toscrape.com/this-is-where-it-ends_771/index.html
The Year of Magical ..., $    51.307 ,In stock,https://books.toscrape.com/the-year-of-magical-thinking_770/index.html
The Wright Brothers, $    51.308 ,In stock,https://books.toscrape.com/the-wright-brothers_769/index.html
The White Queen (The ..., $    51.309 ,In stock,https://books.toscrape.com/the-white-queen-the-cousins-war-1_768/index.html
The Wedding Pact (The ..., $    51.310 ,In stock,https://books.toscrape.com/the-wedding-pact-the-omalleys-2_767/index.html
The Time Keeper, $    51.311 ,In stock,https://books.toscrape.com/the-time-keeper_766/index.html
The Testament of Mary, $    51.312 ,In stock,https://books.toscrape.com/the-testament-of-mary_765/index.html
The Star-Touched Queen, $    51.313 ,In stock,https://books.toscrape.com/the-star-touched-queen_764/index.html
The Songs of the ..., $    51.314 ,In stock,https://books.toscrape.com/the-songs-of-the-gods_763/index.html
The Song of Achilles, $    51.315 ,In stock,https://books.toscrape.com/the-song-of-achilles_762/index.html
The Rosie Project (Don ..., $    51.316 ,In stock,https://books.toscrape.com/the-rosie-project-don-tillman-1_761/index.html
The Power of Habit: ..., $    51.317 ,In stock,https://books.toscrape.com/the-power-of-habit-why-we-do-what-we-do-in-life-and-business_760/index.html
The Marriage of Opposites, $    51.318 ,In stock,https://books.toscrape.com/the-marriage-of-opposites_759/index.html
The Lucifer Effect: Understanding ..., $    51.319 ,In stock,https://books.toscrape.com/the-lucifer-effect-understanding-how-good-people-turn-evil_758/index.html
The Long Haul (Diary ..., $    51.320 ,In stock,https://books.toscrape.com/the-long-haul-diary-of-a-wimpy-kid-9_757/index.html
The Loney, $    51.321 ,In stock,https://books.toscrape.com/the-loney_756/index.html
The Literature Book (Big ..., $    51.322 ,In stock,https://books.toscrape.com/the-literature-book-big-ideas-simply-explained_755/index.html
The Last Mile (Amos ..., $    51.323 ,In stock,https://books.toscrape.com/the-last-mile-amos-decker-2_754/index.html
The Immortal Life of ..., $    51.324 ,In stock,https://books.toscrape.com/the-immortal-life-of-henrietta-lacks_753/index.html
The Hidden Oracle (The ..., $    51.325 ,In stock,https://books.toscrape.com/the-hidden-oracle-the-trials-of-apollo-1_752/index.html
The Help Yourself Cookbook ..., $    51.326 ,In stock,https://books.toscrape.com/the-help-yourself-cookbook-for-kids-60-easy-plant-based-recipes-kids-can-make-to-stay-healthy-and-save-the-earth_751/index.html
The Guilty (Will Robie ..., $    51.327 ,In stock,https://books.toscrape.com/the-guilty-will-robie-4_750/index.html
The First Hostage (J.B. ..., $    51.328 ,In stock,https://books.toscrape.com/the-first-hostage-jb-collins-2_749/index.html
The Dovekeepers, $    51.329 ,In stock,https://books.toscrape.com/the-dovekeepers_748/index.html
The Darkest Lie, $    51.330 ,In stock,https://books.toscrape.com/the-darkest-lie_747/index.html
The Bane Chronicles (The ..., $    51.331 ,In stock,https://books.toscrape.com/the-bane-chronicles-the-bane-chronicles-1-11_746/index.html
The Bad-Ass Librarians of ..., $    51.332 ,In stock,https://books.toscrape.com/the-bad-ass-librarians-of-timbuktu-and-their-race-to-save-the-worlds-most-precious-manuscripts_745/index.html
The 14th Colony (Cotton ..., $    51.333 ,In stock,https://books.toscrape.com/the-14th-colony-cotton-malone-11_744/index.html
That Darkness (Gardiner and ..., $    51.334 ,In stock,https://books.toscrape.com/that-darkness-gardiner-and-renner-1_743/index.html
Tastes Like Fear (DI ..., $    51.335 ,In stock,https://books.toscrape.com/tastes-like-fear-di-marnie-rome-3_742/index.html
Take Me with You, $    51.336 ,In stock,https://books.toscrape.com/take-me-with-you_741/index.html
Swell: A Year of ..., $    51.337 ,In stock,https://books.toscrape.com/swell-a-year-of-waves_740/index.html
Superman Vol. 1: Before ..., $    51.338 ,In stock,https://books.toscrape.com/superman-vol-1-before-truth-superman-by-gene-luen-yang-1_739/index.html
Still Life with Bread ..., $    51.339 ,In stock,https://books.toscrape.com/still-life-with-bread-crumbs_738/index.html
Steve Jobs, $    51.340 ,In stock,https://books.toscrape.com/steve-jobs_737/index.html
Sorting the Beef from ..., $    51.341 ,In stock,https://books.toscrape.com/sorting-the-beef-from-the-bull-the-science-of-food-fraud-forensics_736/index.html
Someone Like You (The ..., $    51.342 ,In stock,https://books.toscrape.com/someone-like-you-the-harrisons-2_735/index.html
"So Cute It Hurts!!, ...", $    51.343 ,In stock,https://books.toscrape.com/so-cute-it-hurts-vol-6-so-cute-it-hurts-6_734/index.html
Shtum, $    51.344 ,In stock,https://books.toscrape.com/shtum_733/index.html
See America: A Celebration ..., $    51.345 ,In stock,https://books.toscrape.com/see-america-a-celebration-of-our-national-parks-treasured-sites_732/index.html
salt., $    51.346 ,In stock,https://books.toscrape.com/salt_731/index.html
Robin War, $    51.347 ,In stock,https://books.toscrape.com/robin-war_730/index.html
"Red Hood/Arsenal, Vol. 1: ...", $    51.348 ,In stock,https://books.toscrape.com/red-hoodarsenal-vol-1-open-for-business-red-hoodarsenal-1_729/index.html
Rain Fish, $    51.349 ,In stock,https://books.toscrape.com/rain-fish_728/index.html
Quarter Life Poetry: Poems ..., $    51.350 ,In stock,https://books.toscrape.com/quarter-life-poetry-poems-for-the-young-broke-and-hangry_727/index.html
Pet Sematary, $    51.351 ,In stock,https://books.toscrape.com/pet-sematary_726/index.html
"Overload: How to Unplug, ...", $    51.352 ,In stock,https://books.toscrape.com/overload-how-to-unplug-unwind-and-unleash-yourself-from-the-pressure-of-stress_725/index.html
Once Was a Time, $    51.353 ,In stock,https://books.toscrape.com/once-was-a-time_724/index.html
Old School (Diary of ..., $    51.354 ,In stock,https://books.toscrape.com/old-school-diary-of-a-wimpy-kid-10_723/index.html
No Dream Is Too ..., $    51.355 ,In stock,https://books.toscrape.com/no-dream-is-too-high-life-lessons-from-a-man-who-walked-on-the-moon_722/index.html
"Naruto (3-in-1 Edition), Vol. ...", $    51.356 ,In stock,https://books.toscrape.com/naruto-3-in-1-edition-vol-14-includes-vols-40-41-42-naruto-omnibus-14_721/index.html
My Name Is Lucy ..., $    51.357 ,In stock,https://books.toscrape.com/my-name-is-lucy-barton_720/index.html
My Mrs. Brown, $    51.358 ,In stock,https://books.toscrape.com/my-mrs-brown_719/index.html
My Kind of Crazy, $    51.359 ,In stock,https://books.toscrape.com/my-kind-of-crazy_718/index.html
Mr. Mercedes (Bill Hodges ..., $    51.360 ,In stock,https://books.toscrape.com/mr-mercedes-bill-hodges-trilogy-1_717/index.html
More Than Music (Chasing ..., $    51.361 ,In stock,https://books.toscrape.com/more-than-music-chasing-the-dream-1_716/index.html
Made to Stick: Why ..., $    51.362 ,In stock,https://books.toscrape.com/made-to-stick-why-some-ideas-survive-and-others-die_715/index.html
Luis Paints the World, $    51.363 ,In stock,https://books.toscrape.com/luis-paints-the-world_714/index.html
Luckiest Girl Alive, $    51.364 ,In stock,https://books.toscrape.com/luckiest-girl-alive_713/index.html
Lowriders to the Center ..., $    51.365 ,In stock,https://books.toscrape.com/lowriders-to-the-center-of-the-earth-lowriders-in-space-2_712/index.html
Love Is a Mix ..., $    51.366 ,In stock,https://books.toscrape.com/love-is-a-mix-tape-music-1_711/index.html
Looking for Lovely: Collecting ..., $    51.367 ,In stock,https://books.toscrape.com/looking-for-lovely-collecting-the-moments-that-matter_710/index.html
Living Leadership by Insight: ..., $    51.368 ,In stock,https://books.toscrape.com/living-leadership-by-insight-a-good-leader-achieves-a-great-leader-builds-monuments_709/index.html
Let It Out: A ..., $    51.369 ,In stock,https://books.toscrape.com/let-it-out-a-journey-through-journaling_708/index.html
Lady Midnight (The Dark ..., $    51.370 ,In stock,https://books.toscrape.com/lady-midnight-the-dark-artifices-1_707/index.html
"It's All Easy: Healthy, ...", $    51.371 ,In stock,https://books.toscrape.com/its-all-easy-healthy-delicious-weeknight-meals-in-under-30-minutes_706/index.html
Island of Dragons (Unwanteds ..., $    51.372 ,In stock,https://books.toscrape.com/island-of-dragons-unwanteds-7_705/index.html
I Know What I'm ..., $    51.373 ,In stock,https://books.toscrape.com/i-know-what-im-doing-and-other-lies-i-tell-myself-dispatches-from-a-life-under-construction_704/index.html
I Am Pilgrim (Pilgrim ..., $    51.374 ,In stock,https://books.toscrape.com/i-am-pilgrim-pilgrim-1_703/index.html
Hyperbole and a Half: ..., $    51.375 ,In stock,https://books.toscrape.com/hyperbole-and-a-half-unfortunate-situations-flawed-coping-mechanisms-mayhem-and-other-things-that-happened_702/index.html
"Hush, Hush (Hush, Hush ...", $    51.376 ,In stock,https://books.toscrape.com/hush-hush-hush-hush-1_701/index.html
Hold Your Breath (Search ..., $    51.377 ,In stock,https://books.toscrape.com/hold-your-breath-search-and-rescue-1_700/index.html
Hamilton: The Revolution, $    51.378 ,In stock,https://books.toscrape.com/hamilton-the-revolution_699/index.html
Greek Mythic History, $    51.379 ,In stock,https://books.toscrape.com/greek-mythic-history_698/index.html
God: The Most Unpleasant ..., $    51.380 ,In stock,https://books.toscrape.com/god-the-most-unpleasant-character-in-all-fiction_697/index.html
Glory over Everything: Beyond ..., $    51.381 ,In stock,https://books.toscrape.com/glory-over-everything-beyond-the-kitchen-house_696/index.html
Feathers: Displays of Brilliant ..., $    51.382 ,In stock,https://books.toscrape.com/feathers-displays-of-brilliant-plumage_695/index.html
Far & Away: Places ..., $    51.383 ,In stock,https://books.toscrape.com/far-away-places-on-the-brink-of-change-seven-continents-twenty-five-years_694/index.html
Every Last Word, $    51.384 ,In stock,https://books.toscrape.com/every-last-word_693/index.html
Eligible (The Austen Project ..., $    51.385 ,In stock,https://books.toscrape.com/eligible-the-austen-project-4_692/index.html
El Deafo, $    51.386 ,In stock,https://books.toscrape.com/el-deafo_691/index.html
Eight Hundred Grapes, $    51.387 ,In stock,https://books.toscrape.com/eight-hundred-grapes_690/index.html
Eaternity: More than 150 ..., $    51.388 ,In stock,https://books.toscrape.com/eaternity-more-than-150-deliciously-easy-vegan-recipes-for-a-long-healthy-satisfied-joyful-life_689/index.html
"Eat Fat, Get Thin", $    51.389 ,In stock,https://books.toscrape.com/eat-fat-get-thin_688/index.html
Don't Get Caught, $    51.390 ,In stock,https://books.toscrape.com/dont-get-caught_687/index.html
Doctor Sleep (The Shining ..., $    51.391 ,In stock,https://books.toscrape.com/doctor-sleep-the-shining-2_686/index.html
Demigods & Magicians: Percy ..., $    51.392 ,In stock,https://books.toscrape.com/demigods-magicians-percy-and-annabeth-meet-the-kanes-percy-jackson-kane-chronicles-crossover-1-3_685/index.html
Dear Mr. Knightley, $    51.393 ,In stock,https://books.toscrape.com/dear-mr-knightley_684/index.html
Daily Fantasy Sports, $    51.394 ,In stock,https://books.toscrape.com/daily-fantasy-sports_683/index.html
Crazy Love: Overwhelmed by ..., $    51.395 ,In stock,https://books.toscrape.com/crazy-love-overwhelmed-by-a-relentless-god_682/index.html
Cometh the Hour (The ..., $    51.396 ,In stock,https://books.toscrape.com/cometh-the-hour-the-clifton-chronicles-6_681/index.html
Code Name Verity (Code ..., $    51.397 ,In stock,https://books.toscrape.com/code-name-verity-code-name-verity-1_680/index.html
Clockwork Angel (The Infernal ..., $    51.398 ,In stock,https://books.toscrape.com/clockwork-angel-the-infernal-devices-1_679/index.html
City of Glass (The ..., $    51.399 ,In stock,https://books.toscrape.com/city-of-glass-the-mortal-instruments-3_678/index.html
City of Fallen Angels ..., $    51.400 ,In stock,https://books.toscrape.com/city-of-fallen-angels-the-mortal-instruments-4_677/index.html
City of Bones (The ..., $    51.401 ,In stock,https://books.toscrape.com/city-of-bones-the-mortal-instruments-1_676/index.html
City of Ashes (The ..., $    51.402 ,In stock,https://books.toscrape.com/city-of-ashes-the-mortal-instruments-2_675/index.html
Cell, $    51.403 ,In stock,https://books.toscrape.com/cell_674/index.html
Catching Jordan (Hundred Oaks), $    51.404 ,In stock,https://books.toscrape.com/catching-jordan-hundred-oaks_673/index.html
"Carry On, Warrior: Thoughts ...", $    51.405 ,In stock,https://books.toscrape.com/carry-on-warrior-thoughts-on-life-unarmed_672/index.html
Carrie, $    51.406 ,In stock,https://books.toscrape.com/carrie_671/index.html
Buying In: The Secret ..., $    51.407 ,In stock,https://books.toscrape.com/buying-in-the-secret-dialogue-between-what-we-buy-and-who-we-are_670/index.html
Brain on Fire: My ..., $    51.408 ,In stock,https://books.toscrape.com/brain-on-fire-my-month-of-madness_669/index.html
Batman: Europa, $    51.409 ,In stock,https://books.toscrape.com/batman-europa_668/index.html
Barefoot Contessa Back to ..., $    51.410 ,In stock,https://books.toscrape.com/barefoot-contessa-back-to-basics_667/index.html
Barefoot Contessa at Home: ..., $    51.411 ,In stock,https://books.toscrape.com/barefoot-contessa-at-home-everyday-recipes-youll-make-over-and-over-again_666/index.html
Balloon Animals, $    51.412 ,In stock,https://books.toscrape.com/balloon-animals_665/index.html
Art Ops Vol. 1, $    51.413 ,In stock,https://books.toscrape.com/art-ops-vol-1_664/index.html
Aristotle and Dante Discover ..., $    51.414 ,In stock,https://books.toscrape.com/aristotle-and-dante-discover-the-secrets-of-the-universe-aristotle-and-dante-discover-the-secrets-of-the-universe-1_663/index.html
Angels Walking (Angels Walking ..., $    51.415 ,In stock,https://books.toscrape.com/angels-walking-angels-walking-1_662/index.html
Angels & Demons (Robert ..., $    51.416 ,In stock,https://books.toscrape.com/angels-demons-robert-langdon-1_661/index.html
All the Light We ..., $    51.417 ,In stock,https://books.toscrape.com/all-the-light-we-cannot-see_660/index.html
Adulthood Is a Myth: ..., $    51.418 ,In stock,https://books.toscrape.com/adulthood-is-a-myth-a-sarahs-scribbles-collection_659/index.html
Abstract City, $    51.419 ,In stock,https://books.toscrape.com/abstract-city_658/index.html
A Time of Torment ..., $    51.420 ,In stock,https://books.toscrape.com/a-time-of-torment-charlie-parker-14_657/index.html
A Study in Scarlet ..., $    51.421 ,In stock,https://books.toscrape.com/a-study-in-scarlet-sherlock-holmes-1_656/index.html
A Series of Catastrophes ..., $    51.422 ,In stock,https://books.toscrape.com/a-series-of-catastrophes-and-miracles-a-true-story-of-love-science-and-cancer_655/index.html
A People's History of ..., $    51.423 ,In stock,https://books.toscrape.com/a-peoples-history-of-the-united-states_654/index.html
A Man Called Ove, $    51.424 ,In stock,https://books.toscrape.com/a-man-called-ove_653/index.html
A Distant Mirror: The ..., $    51.425 ,In stock,https://books.toscrape.com/a-distant-mirror-the-calamitous-14th-century_652/index.html
A Brush of Wings ..., $    51.426 ,In stock,https://books.toscrape.com/a-brush-of-wings-angels-walking-3_651/index.html
1491: New Revelations of ..., $    51.427 ,In stock,https://books.toscrape.com/1491-new-revelations-of-the-americas-before-columbus_650/index.html
"The Three Searches, Meaning, ...", $    51.428 ,In stock,https://books.toscrape.com/the-three-searches-meaning-and-the-story_649/index.html
Searching for Meaning in ..., $    51.429 ,In stock,https://books.toscrape.com/searching-for-meaning-in-gailana_648/index.html
Rook, $    51.430 ,In stock,https://books.toscrape.com/rook_647/index.html
My Kitchen Year: 136 ..., $    51.431 ,In stock,https://books.toscrape.com/my-kitchen-year-136-recipes-that-saved-my-life_646/index.html
13 Hours: The Inside ..., $    51.432 ,In stock,https://books.toscrape.com/13-hours-the-inside-account-of-what-really-happened-in-benghazi_645/index.html
Will You Won't You ..., $    51.433 ,In stock,https://books.toscrape.com/will-you-wont-you-want-me_644/index.html
Tipping Point for Planet ..., $    51.434 ,In stock,https://books.toscrape.com/tipping-point-for-planet-earth-how-close-are-we-to-the-edge_643/index.html
The Star-Touched Queen, $    51.435 ,In stock,https://books.toscrape.com/the-star-touched-queen_642/index.html
The Silent Sister (Riley ..., $    51.436 ,In stock,https://books.toscrape.com/the-silent-sister-riley-macpherson-1_641/index.html
The Midnight Watch: A ..., $    51.437 ,In stock,https://books.toscrape.com/the-midnight-watch-a-novel-of-the-titanic-and-the-californian_640/index.html
The Lonely City: Adventures ..., $    51.438 ,In stock,https://books.toscrape.com/the-lonely-city-adventures-in-the-art-of-being-alone_639/index.html
The Gray Rhino: How ..., $    51.439 ,In stock,https://books.toscrape.com/the-gray-rhino-how-to-recognize-and-act-on-the-obvious-dangers-we-ignore_638/index.html
The Golden Condom: And ..., $    51.440 ,In stock,https://books.toscrape.com/the-golden-condom-and-other-essays-on-love-lost-and-found_637/index.html
The Epidemic (The Program ..., $    51.441 ,In stock,https://books.toscrape.com/the-epidemic-the-program-06_636/index.html
The Dinner Party, $    51.442 ,In stock,https://books.toscrape.com/the-dinner-party_635/index.html
The Diary of a ..., $    51.443 ,In stock,https://books.toscrape.com/the-diary-of-a-young-girl_634/index.html
The Children, $    51.444 ,In stock,https://books.toscrape.com/the-children_633/index.html
Stars Above (The Lunar ..., $    51.445 ,In stock,https://books.toscrape.com/stars-above-the-lunar-chronicles-45_632/index.html
Snatched: How A Drug ..., $    51.446 ,In stock,https://books.toscrape.com/snatched-how-a-drug-queen-went-undercover-for-the-dea-and-was-kidnapped-by-colombian-guerillas_631/index.html
Raspberry Pi Electronics Projects ..., $    51.447 ,In stock,https://books.toscrape.com/raspberry-pi-electronics-projects-for-the-evil-genius_630/index.html
Quench Your Own Thirst: ..., $    51.448 ,In stock,https://books.toscrape.com/quench-your-own-thirst-business-lessons-learned-over-a-beer-or-two_629/index.html
Psycho: Sanitarium (Psycho #1.5), $    51.449 ,In stock,https://books.toscrape.com/psycho-sanitarium-psycho-15_628/index.html
Poisonous (Max Revere Novels ..., $    51.450 ,In stock,https://books.toscrape.com/poisonous-max-revere-novels-3_627/index.html
One with You (Crossfire ..., $    51.451 ,In stock,https://books.toscrape.com/one-with-you-crossfire-5_626/index.html
No Love Allowed (Dodge ..., $    51.452 ,In stock,https://books.toscrape.com/no-love-allowed-dodge-cove-1_625/index.html
Murder at the 42nd ..., $    51.453 ,In stock,https://books.toscrape.com/murder-at-the-42nd-street-library-raymond-ambler-1_624/index.html
Most Wanted, $    51.454 ,In stock,https://books.toscrape.com/most-wanted_623/index.html
"Love, Lies and Spies", $    51.455 ,In stock,https://books.toscrape.com/love-lies-and-spies_622/index.html
How to Speak Golf: ..., $    51.456 ,In stock,https://books.toscrape.com/how-to-speak-golf-an-illustrated-guide-to-links-lingo_621/index.html
Hide Away (Eve Duncan ..., $    51.457 ,In stock,https://books.toscrape.com/hide-away-eve-duncan-20_620/index.html
Furiously Happy: A Funny ..., $    51.458 ,In stock,https://books.toscrape.com/furiously-happy-a-funny-book-about-horrible-things_619/index.html
Everyday Italian: 125 Simple ..., $    51.459 ,In stock,https://books.toscrape.com/everyday-italian-125-simple-and-delicious-recipes_618/index.html
Equal Is Unfair: America's ..., $    51.460 ,In stock,https://books.toscrape.com/equal-is-unfair-americas-misguided-fight-against-income-inequality_617/index.html
Eleanor & Park, $    51.461 ,In stock,https://books.toscrape.com/eleanor-park_616/index.html
Dirty (Dive Bar #1), $    51.462 ,In stock,https://books.toscrape.com/dirty-dive-bar-1_615/index.html
Can You Keep a ..., $    51.463 ,In stock,https://books.toscrape.com/can-you-keep-a-secret-fear-street-relaunch-4_614/index.html
Boar Island (Anna Pigeon ..., $    51.464 ,In stock,https://books.toscrape.com/boar-island-anna-pigeon-19_613/index.html
A Paris Apartment, $    51.465 ,In stock,https://books.toscrape.com/a-paris-apartment_612/index.html
A la Mode: 120 ..., $    51.466 ,In stock,https://books.toscrape.com/a-la-mode-120-recipes-in-60-pairings-pies-tarts-cakes-crisps-and-more-topped-with-ice-cream-gelato-frozen-custard-and-more_611/index.html
Troublemaker: Surviving Hollywood and ..., $    51.467 ,In stock,https://books.toscrape.com/troublemaker-surviving-hollywood-and-scientology_610/index.html
The Widow, $    51.468 ,In stock,https://books.toscrape.com/the-widow_609/index.html
The Sleep Revolution: Transforming ..., $    51.469 ,In stock,https://books.toscrape.com/the-sleep-revolution-transforming-your-life-one-night-at-a-time_608/index.html
The Improbability of Love, $    51.470 ,In stock,https://books.toscrape.com/the-improbability-of-love_607/index.html
The Art of Startup ..., $    51.471 ,In stock,https://books.toscrape.com/the-art-of-startup-fundraising_606/index.html
Take Me Home Tonight ..., $    51.472 ,In stock,https://books.toscrape.com/take-me-home-tonight-rock-star-romance-3_605/index.html
Sleeping Giants (Themis Files ..., $    51.473 ,In stock,https://books.toscrape.com/sleeping-giants-themis-files-1_604/index.html
Setting the World on ..., $    51.474 ,In stock,https://books.toscrape.com/setting-the-world-on-fire-the-brief-astonishing-life-of-st-catherine-of-siena_603/index.html
Playing with Fire, $    51.475 ,In stock,https://books.toscrape.com/playing-with-fire_602/index.html
Off the Hook (Fishing ..., $    51.476 ,In stock,https://books.toscrape.com/off-the-hook-fishing-for-trouble-1_601/index.html
Mothering Sunday, $    51.477 ,In stock,https://books.toscrape.com/mothering-sunday_600/index.html
"Mother, Can You Not?", $    51.478 ,In stock,https://books.toscrape.com/mother-can-you-not_599/index.html
M Train, $    51.479 ,In stock,https://books.toscrape.com/m-train_598/index.html
Lilac Girls, $    51.480 ,In stock,https://books.toscrape.com/lilac-girls_597/index.html
Lies and Other Acts ..., $    51.481 ,In stock,https://books.toscrape.com/lies-and-other-acts-of-love_596/index.html
Lab Girl, $    51.482 ,In stock,https://books.toscrape.com/lab-girl_595/index.html
Keep Me Posted, $    51.483 ,In stock,https://books.toscrape.com/keep-me-posted_594/index.html
It Didn't Start with ..., $    51.484 ,In stock,https://books.toscrape.com/it-didnt-start-with-you-how-inherited-family-trauma-shapes-who-we-are-and-how-to-end-the-cycle_593/index.html
Grey (Fifty Shades #4), $    51.485 ,In stock,https://books.toscrape.com/grey-fifty-shades-4_592/index.html
"Exit, Pursued by a ...", $    51.486 ,In stock,https://books.toscrape.com/exit-pursued-by-a-bear_591/index.html
Daredevils, $    51.487 ,In stock,https://books.toscrape.com/daredevils_590/index.html
Cravings: Recipes for What ..., $    51.488 ,In stock,https://books.toscrape.com/cravings-recipes-for-what-you-want-to-eat_589/index.html
Born for This: How ..., $    51.489 ,In stock,https://books.toscrape.com/born-for-this-how-to-find-the-work-you-were-meant-to-do_588/index.html
Arena, $    51.490 ,In stock,https://books.toscrape.com/arena_587/index.html
Adultery, $    51.491 ,In stock,https://books.toscrape.com/adultery_586/index.html
A Mother's Reckoning: Living ..., $    51.492 ,In stock,https://books.toscrape.com/a-mothers-reckoning-living-in-the-aftermath-of-tragedy_585/index.html
A Gentleman's Position (Society ..., $    51.493 ,In stock,https://books.toscrape.com/a-gentlemans-position-society-of-gentlemen-3_584/index.html
11/22/63, $    51.494 ,In stock,https://books.toscrape.com/112263_583/index.html
10% Happier: How I ..., $    51.495 ,In stock,https://books.toscrape.com/10-happier-how-i-tamed-the-voice-in-my-head-reduced-stress-without-losing-my-edge-and-found-self-help-that-actually-works_582/index.html
10-Day Green Smoothie Cleanse: ..., $    51.496 ,In stock,https://books.toscrape.com/10-day-green-smoothie-cleanse-lose-up-to-15-pounds-in-10-days_581/index.html
Without Shame, $    51.497 ,In stock,https://books.toscrape.com/without-shame_580/index.html
Watchmen, $    51.498 ,In stock,https://books.toscrape.com/watchmen_579/index.html
Unlimited Intuition Now, $    51.499 ,In stock,https://books.toscrape.com/unlimited-intuition-now_578/index.html
Underlying Notes, $    51.500 ,In stock,https://books.toscrape.com/underlying-notes_577/index.html
The Shack, $    51.501 ,In stock,https://books.toscrape.com/the-shack_576/index.html
The New Brand You: ..., $    51.502 ,In stock,https://books.toscrape.com/the-new-brand-you-your-new-image-makes-the-sale-for-you_575/index.html
The Moosewood Cookbook: Recipes ..., $    51.503 ,In stock,https://books.toscrape.com/the-moosewood-cookbook-recipes-from-moosewood-restaurant-ithaca-new-york_574/index.html
The Flowers Lied, $    51.504 ,In stock,https://books.toscrape.com/the-flowers-lied_573/index.html
The Fabric of the ..., $    51.505 ,In stock,https://books.toscrape.com/the-fabric-of-the-cosmos-space-time-and-the-texture-of-reality_572/index.html
The Book of Mormon, $    51.506 ,In stock,https://books.toscrape.com/the-book-of-mormon_571/index.html
The Art and Science ..., $    51.507 ,In stock,https://books.toscrape.com/the-art-and-science-of-low-carbohydrate-living_570/index.html
The Alien Club, $    51.508 ,In stock,https://books.toscrape.com/the-alien-club_569/index.html
Suzie Snowflake: One beautiful ..., $    51.509 ,In stock,https://books.toscrape.com/suzie-snowflake-one-beautiful-flake-a-self-esteem-story_568/index.html
Nap-a-Roo, $    51.510 ,In stock,https://books.toscrape.com/nap-a-roo_567/index.html
NaNo What Now? Finding ..., $    51.511 ,In stock,https://books.toscrape.com/nano-what-now-finding-your-editing-process-revising-your-nanowrimo-book-and-building-a-writing-career-through-publishing-and-beyond_566/index.html
Modern Day Fables, $    51.512 ,In stock,https://books.toscrape.com/modern-day-fables_565/index.html
If I Gave You ..., $    51.513 ,In stock,https://books.toscrape.com/if-i-gave-you-gods-phone-number-searching-for-spirituality-in-america_564/index.html
"Fruits Basket, Vol. 9 ...", $    51.514 ,In stock,https://books.toscrape.com/fruits-basket-vol-9-fruits-basket-9_563/index.html
Dress Your Family in ..., $    51.515 ,In stock,https://books.toscrape.com/dress-your-family-in-corduroy-and-denim_562/index.html
Don't Forget Steven, $    51.516 ,In stock,https://books.toscrape.com/dont-forget-steven_561/index.html
Chernobyl 01:23:40: The Incredible ..., $    51.517 ,In stock,https://books.toscrape.com/chernobyl-012340-the-incredible-true-story-of-the-worlds-worst-nuclear-disaster_560/index.html
Art and Fear: Observations ..., $    51.518 ,In stock,https://books.toscrape.com/art-and-fear-observations-on-the-perils-and-rewards-of-artmaking_559/index.html
A Shard of Ice ..., $    51.519 ,In stock,https://books.toscrape.com/a-shard-of-ice-the-black-symphony-saga-1_558/index.html
A Hero's Curse (The ..., $    51.520 ,In stock,https://books.toscrape.com/a-heros-curse-the-unseen-chronicles-1_557/index.html
23 Degrees South: A ..., $    51.521 ,In stock,https://books.toscrape.com/23-degrees-south-a-tropical-tale-of-changing-whether_556/index.html
Zero to One: Notes ..., $    51.522 ,In stock,https://books.toscrape.com/zero-to-one-notes-on-startups-or-how-to-build-the-future_555/index.html
Why Not Me?, $    51.523 ,In stock,https://books.toscrape.com/why-not-me_554/index.html
When Breath Becomes Air, $    51.524 ,In stock,https://books.toscrape.com/when-breath-becomes-air_553/index.html
Vagabonding: An Uncommon Guide ..., $    51.525 ,In stock,https://books.toscrape.com/vagabonding-an-uncommon-guide-to-the-art-of-long-term-world-travel_552/index.html
The Unlikely Pilgrimage of ..., $    51.526 ,In stock,https://books.toscrape.com/the-unlikely-pilgrimage-of-harold-fry-harold-fry-1_551/index.html
The New Drawing on ..., $    51.527 ,In stock,https://books.toscrape.com/the-new-drawing-on-the-right-side-of-the-brain_550/index.html
"The Midnight Assassin: Panic, ...", $    51.528 ,In stock,https://books.toscrape.com/the-midnight-assassin-panic-scandal-and-the-hunt-for-americas-first-serial-killer_549/index.html
The Martian (The Martian ..., $    51.529 ,In stock,https://books.toscrape.com/the-martian-the-martian-1_548/index.html
The High Mountains of ..., $    51.530 ,In stock,https://books.toscrape.com/the-high-mountains-of-portugal_547/index.html
The Grownup, $    51.531 ,In stock,https://books.toscrape.com/the-grownup_546/index.html
The E-Myth Revisited: Why ..., $    51.532 ,In stock,https://books.toscrape.com/the-e-myth-revisited-why-most-small-businesses-dont-work-and-what-to-do-about-it_545/index.html
South of Sunshine, $    51.533 ,In stock,https://books.toscrape.com/south-of-sunshine_544/index.html
Smarter Faster Better: The ..., $    51.534 ,In stock,https://books.toscrape.com/smarter-faster-better-the-secrets-of-being-productive-in-life-and-business_543/index.html
Silence in the Dark ..., $    51.535 ,In stock,https://books.toscrape.com/silence-in-the-dark-logan-point-4_542/index.html
Shadows of the Past ..., $    51.536 ,In stock,https://books.toscrape.com/shadows-of-the-past-logan-point-1_541/index.html
Roller Girl, $    51.537 ,In stock,https://books.toscrape.com/roller-girl_540/index.html
Rising Strong, $    51.538 ,In stock,https://books.toscrape.com/rising-strong_539/index.html
Proofs of God: Classical ..., $    51.539 ,In stock,https://books.toscrape.com/proofs-of-god-classical-arguments-from-tertullian-to-barth_538/index.html
Please Kill Me: The ..., $    51.540 ,In stock,https://books.toscrape.com/please-kill-me-the-uncensored-oral-history-of-punk_537/index.html
Out of Print: City ..., $    51.541 ,In stock,https://books.toscrape.com/out-of-print-city-lights-spotlight-no-14_536/index.html
My Life Next Door ..., $    51.542 ,In stock,https://books.toscrape.com/my-life-next-door-my-life-next-door_535/index.html
Miller's Valley, $    51.543 ,In stock,https://books.toscrape.com/millers-valley_534/index.html
Man's Search for Meaning, $    51.544 ,In stock,https://books.toscrape.com/mans-search-for-meaning_533/index.html
Love That Boy: What ..., $    51.545 ,In stock,https://books.toscrape.com/love-that-boy-what-two-presidents-eight-road-trips-and-my-son-taught-me-about-a-parents-expectations_532/index.html
Living Forward: A Proven ..., $    51.546 ,In stock,https://books.toscrape.com/living-forward-a-proven-plan-to-stop-drifting-and-get-the-life-you-want_531/index.html
Les Fleurs du Mal, $    51.547 ,In stock,https://books.toscrape.com/les-fleurs-du-mal_530/index.html
Left Behind (Left Behind ..., $    51.548 ,In stock,https://books.toscrape.com/left-behind-left-behind-1_529/index.html
Kill 'Em and Leave: ..., $    51.549 ,In stock,https://books.toscrape.com/kill-em-and-leave-searching-for-james-brown-and-the-american-soul_528/index.html
Kierkegaard: A Christian Missionary ..., $    51.550 ,In stock,https://books.toscrape.com/kierkegaard-a-christian-missionary-to-christians_527/index.html
John Vassos: Industrial Design ..., $    51.551 ,In stock,https://books.toscrape.com/john-vassos-industrial-design-for-modern-life_526/index.html
I'll Give You the ..., $    51.552 ,In stock,https://books.toscrape.com/ill-give-you-the-sun_525/index.html
I Will Find You, $    51.553 ,In stock,https://books.toscrape.com/i-will-find-you_524/index.html
Hystopia: A Novel, $    51.554 ,In stock,https://books.toscrape.com/hystopia-a-novel_523/index.html
Howl and Other Poems, $    51.555 ,In stock,https://books.toscrape.com/howl-and-other-poems_522/index.html
History of Beauty, $    51.556 ,In stock,https://books.toscrape.com/history-of-beauty_521/index.html
Heaven is for Real: ..., $    51.557 ,In stock,https://books.toscrape.com/heaven-is-for-real-a-little-boys-astounding-story-of-his-trip-to-heaven-and-back_520/index.html
Future Shock (Future Shock ..., $    51.558 ,In stock,https://books.toscrape.com/future-shock-future-shock-1_519/index.html
Ender's Game (The Ender ..., $    51.559 ,In stock,https://books.toscrape.com/enders-game-the-ender-quintet-1_518/index.html
Diary of a Citizen ..., $    51.560 ,In stock,https://books.toscrape.com/diary-of-a-citizen-scientist-chasing-tiger-beetles-and-other-new-ways-of-engaging-the-world_517/index.html
Death by Leisure: A ..., $    51.561 ,In stock,https://books.toscrape.com/death-by-leisure-a-cautionary-tale_516/index.html
Brilliant Beacons: A History ..., $    51.562 ,In stock,https://books.toscrape.com/brilliant-beacons-a-history-of-the-american-lighthouse_515/index.html
Brazen: The Courage to ..., $    51.563 ,In stock,https://books.toscrape.com/brazen-the-courage-to-find-the-you-thats-been-hiding_514/index.html
Between the World and ..., $    51.564 ,In stock,https://books.toscrape.com/between-the-world-and-me_513/index.html
Being Mortal: Medicine and ..., $    51.565 ,In stock,https://books.toscrape.com/being-mortal-medicine-and-what-matters-in-the-end_512/index.html
A Murder Over a ..., $    51.566 ,In stock,https://books.toscrape.com/a-murder-over-a-girl-justice-gender-junior-high_511/index.html
32 Yolks, $    51.567 ,In stock,https://books.toscrape.com/32-yolks_510/index.html
"""Most Blessed of the ...", $    51.568 ,In stock,https://books.toscrape.com/most-blessed-of-the-patriarchs-thomas-jefferson-and-the-empire-of-the-imagination_509/index.html
You Are a Badass: ..., $    51.569 ,In stock,https://books.toscrape.com/you-are-a-badass-how-to-stop-doubting-your-greatness-and-start-living-an-awesome-life_508/index.html
Wildlife of New York: ..., $    51.570 ,In stock,https://books.toscrape.com/wildlife-of-new-york-a-five-borough-coloring-book_507/index.html
What Happened on Beale ..., $    51.571 ,In stock,https://books.toscrape.com/what-happened-on-beale-street-secrets-of-the-south-mysteries-2_506/index.html
Unreasonable Hope: Finding Faith ..., $    51.572 ,In stock,https://books.toscrape.com/unreasonable-hope-finding-faith-in-the-god-who-brings-purpose-to-your-pain_505/index.html
Under the Tuscan Sun, $    51.573 ,In stock,https://books.toscrape.com/under-the-tuscan-sun_504/index.html
Toddlers Are A**holes: It's ..., $    51.574 ,In stock,https://books.toscrape.com/toddlers-are-aholes-its-not-your-fault_503/index.html
The Year of Living ..., $    51.575 ,In stock,https://books.toscrape.com/the-year-of-living-biblically-one-mans-humble-quest-to-follow-the-bible-as-literally-as-possible_502/index.html
The Whale, $    51.576 ,In stock,https://books.toscrape.com/the-whale_501/index.html
The Story of Art, $    51.577 ,In stock,https://books.toscrape.com/the-story-of-art_500/index.html
The Origin of Species, $    51.578 ,In stock,https://books.toscrape.com/the-origin-of-species_499/index.html
The Great Gatsby, $    51.579 ,In stock,https://books.toscrape.com/the-great-gatsby_498/index.html
The Good Girl, $    51.580 ,In stock,https://books.toscrape.com/the-good-girl_497/index.html
The Glass Castle, $    51.581 ,In stock,https://books.toscrape.com/the-glass-castle_496/index.html
The Faith of Christopher ..., $    51.582 ,In stock,https://books.toscrape.com/the-faith-of-christopher-hitchens-the-restless-soul-of-the-worlds-most-notorious-atheist_495/index.html
The Drowning Girls, $    51.583 ,In stock,https://books.toscrape.com/the-drowning-girls_494/index.html
The Constant Princess (The ..., $    51.584 ,In stock,https://books.toscrape.com/the-constant-princess-the-tudor-court-1_493/index.html
The Bourne Identity (Jason ..., $    51.585 ,In stock,https://books.toscrape.com/the-bourne-identity-jason-bourne-1_492/index.html
The Bachelor Girl's Guide ..., $    51.586 ,In stock,https://books.toscrape.com/the-bachelor-girls-guide-to-murder-herringford-and-watts-mysteries-1_491/index.html
The Art Book, $    51.587 ,In stock,https://books.toscrape.com/the-art-book_490/index.html
The 7 Habits of ..., $    51.588 ,In stock,https://books.toscrape.com/the-7-habits-of-highly-effective-people-powerful-lessons-in-personal-change_489/index.html
Team of Rivals: The ..., $    51.589 ,In stock,https://books.toscrape.com/team-of-rivals-the-political-genius-of-abraham-lincoln_488/index.html
Steal Like an Artist: ..., $    51.590 ,In stock,https://books.toscrape.com/steal-like-an-artist-10-things-nobody-told-you-about-being-creative_487/index.html
"Sit, Stay, Love", $    51.591 ,In stock,https://books.toscrape.com/sit-stay-love_486/index.html
Sister Dear, $    51.592 ,In stock,https://books.toscrape.com/sister-dear_485/index.html
"Shrunken Treasures: Literary Classics, ...", $    51.593 ,In stock,https://books.toscrape.com/shrunken-treasures-literary-classics-short-sweet-and-silly_484/index.html
"Rich Dad, Poor Dad", $    51.594 ,In stock,https://books.toscrape.com/rich-dad-poor-dad_483/index.html
Raymie Nightingale, $    51.595 ,In stock,https://books.toscrape.com/raymie-nightingale_482/index.html
Playing from the Heart, $    51.596 ,In stock,https://books.toscrape.com/playing-from-the-heart_481/index.html
Nightstruck: A Novel, $    51.597 ,In stock,https://books.toscrape.com/nightstruck-a-novel_480/index.html
Naturally Lean: 125 Nourishing ..., $    51.598 ,In stock,https://books.toscrape.com/naturally-lean-125-nourishing-gluten-free-plant-based-recipes-all-under-300-calories_479/index.html
Meternity, $    51.599 ,In stock,https://books.toscrape.com/meternity_478/index.html
Memoirs of a Geisha, $    51.600 ,In stock,https://books.toscrape.com/memoirs-of-a-geisha_477/index.html
Like Never Before (Walker ..., $    51.601 ,In stock,https://books.toscrape.com/like-never-before-walker-family-2_476/index.html
Life of Pi, $    51.602 ,In stock,https://books.toscrape.com/life-of-pi_475/index.html
Leave This Song Behind: ..., $    51.603 ,In stock,https://books.toscrape.com/leave-this-song-behind-teen-poetry-at-its-best_474/index.html
King's Folly (The Kinsman ..., $    51.604 ,In stock,https://books.toscrape.com/kings-folly-the-kinsman-chronicles-1_473/index.html
John Adams, $    51.605 ,In stock,https://books.toscrape.com/john-adams_472/index.html
How to Cook Everything ..., $    51.606 ,In stock,https://books.toscrape.com/how-to-cook-everything-vegetarian-simple-meatless-recipes-for-great-food-how-to-cook-everything_471/index.html
How to Be a ..., $    51.607 ,In stock,https://books.toscrape.com/how-to-be-a-domestic-goddess-baking-and-the-art-of-comfort-cooking_470/index.html
Good in Bed (Cannie ..., $    51.608 ,In stock,https://books.toscrape.com/good-in-bed-cannie-shapiro-1_469/index.html
"Fruits Basket, Vol. 7 ...", $    51.609 ,In stock,https://books.toscrape.com/fruits-basket-vol-7-fruits-basket-7_468/index.html
For the Love: Fighting ..., $    51.610 ,In stock,https://books.toscrape.com/for-the-love-fighting-for-grace-in-a-world-of-impossible-standards_467/index.html
Finding God in the ..., $    51.611 ,In stock,https://books.toscrape.com/finding-god-in-the-ruins-how-god-redeems-pain_466/index.html
Every Heart a Doorway ..., $    51.612 ,In stock,https://books.toscrape.com/every-heart-a-doorway-every-heart-a-doorway-1_465/index.html
Delivering the Truth (Quaker ..., $    51.613 ,In stock,https://books.toscrape.com/delivering-the-truth-quaker-midwife-mystery-1_464/index.html
Counted With the Stars ..., $    51.614 ,In stock,https://books.toscrape.com/counted-with-the-stars-out-from-egypt-1_463/index.html
"Chronicles, Vol. 1", $    51.615 ,In stock,https://books.toscrape.com/chronicles-vol-1_462/index.html
Blue Like Jazz: Nonreligious ..., $    51.616 ,In stock,https://books.toscrape.com/blue-like-jazz-nonreligious-thoughts-on-christian-spirituality_461/index.html
Benjamin Franklin: An American ..., $    51.617 ,In stock,https://books.toscrape.com/benjamin-franklin-an-american-life_460/index.html
At The Existentialist CafÃ©: ..., $    51.618 ,In stock,https://books.toscrape.com/at-the-existentialist-cafe-freedom-being-and-apricot-cocktails-with-jean-paul-sartre-simone-de-beauvoir-albert-camus-martin-heidegger-edmund-husserl-karl-jaspers-maurice-merleau-ponty-and-others_459/index.html
A Summer In Europe, $    51.619 ,In stock,https://books.toscrape.com/a-summer-in-europe_458/index.html
A Short History of ..., $    51.620 ,In stock,https://books.toscrape.com/a-short-history-of-nearly-everything_457/index.html
A Gathering of Shadows ..., $    51.621 ,In stock,https://books.toscrape.com/a-gathering-of-shadows-shades-of-magic-2_456/index.html
The Sound Of Love, $    51.622 ,In stock,https://books.toscrape.com/the-sound-of-love_455/index.html
The Rise and Fall ..., $    51.623 ,In stock,https://books.toscrape.com/the-rise-and-fall-of-the-third-reich-a-history-of-nazi-germany_454/index.html
The Perks of Being ..., $    51.624 ,In stock,https://books.toscrape.com/the-perks-of-being-a-wallflower_453/index.html
The Mysterious Affair at ..., $    51.625 ,In stock,https://books.toscrape.com/the-mysterious-affair-at-styles-hercule-poirot-1_452/index.html
The Man Who Mistook ..., $    51.626 ,In stock,https://books.toscrape.com/the-man-who-mistook-his-wife-for-a-hat-and-other-clinical-tales_451/index.html
The Makings of a ..., $    51.627 ,In stock,https://books.toscrape.com/the-makings-of-a-fatherless-child_450/index.html
The Joy of Cooking, $    51.628 ,In stock,https://books.toscrape.com/the-joy-of-cooking_449/index.html
The Invention of Wings, $    51.629 ,In stock,https://books.toscrape.com/the-invention-of-wings_448/index.html
The Hobbit (Middle-Earth Universe), $    51.630 ,In stock,https://books.toscrape.com/the-hobbit-middle-earth-universe_447/index.html
The Great Railway Bazaar, $    51.631 ,In stock,https://books.toscrape.com/the-great-railway-bazaar_446/index.html
The Golden Compass (His ..., $    51.632 ,In stock,https://books.toscrape.com/the-golden-compass-his-dark-materials-1_445/index.html
The God Delusion, $    51.633 ,In stock,https://books.toscrape.com/the-god-delusion_444/index.html
The Girl You Left ..., $    51.634 ,In stock,https://books.toscrape.com/the-girl-you-left-behind-the-girl-you-left-behind-1_443/index.html
The Fellowship of the ..., $    51.635 ,In stock,https://books.toscrape.com/the-fellowship-of-the-ring-the-lord-of-the-rings-1_442/index.html
The Collected Poems of ..., $    51.636 ,In stock,https://books.toscrape.com/the-collected-poems-of-wb-yeats-the-collected-works-of-wb-yeats-1_441/index.html
The Barefoot Contessa Cookbook, $    51.637 ,In stock,https://books.toscrape.com/the-barefoot-contessa-cookbook_440/index.html
Tell the Wolves I'm ..., $    51.638 ,In stock,https://books.toscrape.com/tell-the-wolves-im-home_439/index.html
Ship Leaves Harbor: Essays ..., $    51.639 ,In stock,https://books.toscrape.com/ship-leaves-harbor-essays-on-travel-by-a-recovering-journeyman_438/index.html
Pride and Prejudice, $    51.640 ,In stock,https://books.toscrape.com/pride-and-prejudice_437/index.html
Musicophilia: Tales of Music ..., $    51.641 ,In stock,https://books.toscrape.com/musicophilia-tales-of-music-and-the-brain_436/index.html
Mere Christianity, $    51.642 ,In stock,https://books.toscrape.com/mere-christianity_435/index.html
Me Before You (Me ..., $    51.643 ,In stock,https://books.toscrape.com/me-before-you-me-before-you-1_434/index.html
In the Woods (Dublin ..., $    51.644 ,In stock,https://books.toscrape.com/in-the-woods-dublin-murder-squad-1_433/index.html
In Cold Blood, $    51.645 ,In stock,https://books.toscrape.com/in-cold-blood_432/index.html
How to Stop Worrying ..., $    51.646 ,In stock,https://books.toscrape.com/how-to-stop-worrying-and-start-living_431/index.html
Give It Back, $    51.647 ,In stock,https://books.toscrape.com/give-it-back_430/index.html
"Girl, Interrupted", $    51.648 ,In stock,https://books.toscrape.com/girl-interrupted_429/index.html
Fun Home: A Family ..., $    51.649 ,In stock,https://books.toscrape.com/fun-home-a-family-tragicomic_428/index.html
"Fruits Basket, Vol. 6 ...", $    51.650 ,In stock,https://books.toscrape.com/fruits-basket-vol-6-fruits-basket-6_427/index.html
Deception Point, $    51.651 ,In stock,https://books.toscrape.com/deception-point_426/index.html
"Death Note, Vol. 6: ...", $    51.652 ,In stock,https://books.toscrape.com/death-note-vol-6-give-and-take-death-note-6_425/index.html
Catherine the Great: Portrait ..., $    51.653 ,In stock,https://books.toscrape.com/catherine-the-great-portrait-of-a-woman_424/index.html
Better Homes and Gardens ..., $    51.654 ,In stock,https://books.toscrape.com/better-homes-and-gardens-new-cook-book_423/index.html
An Unquiet Mind: A ..., $    51.655 ,In stock,https://books.toscrape.com/an-unquiet-mind-a-memoir-of-moods-and-madness_422/index.html
A Year in Provence ..., $    51.656 ,In stock,https://books.toscrape.com/a-year-in-provence-provence-1_421/index.html
World Without End (The ..., $    51.657 ,In stock,https://books.toscrape.com/world-without-end-the-pillars-of-the-earth-2_420/index.html
"Will Grayson, Will Grayson ...", $    51.658 ,In stock,https://books.toscrape.com/will-grayson-will-grayson-will-grayson-will-grayson_419/index.html
Why Save the Bankers?: ..., $    51.659 ,In stock,https://books.toscrape.com/why-save-the-bankers-and-other-essays-on-our-economic-and-political-crisis_418/index.html
Where She Went (If ..., $    51.660 ,In stock,https://books.toscrape.com/where-she-went-if-i-stay-2_417/index.html
What If?: Serious Scientific ..., $    51.661 ,In stock,https://books.toscrape.com/what-if-serious-scientific-answers-to-absurd-hypothetical-questions_416/index.html
Two Summers, $    51.662 ,In stock,https://books.toscrape.com/two-summers_415/index.html
This Is Your Brain ..., $    51.663 ,In stock,https://books.toscrape.com/this-is-your-brain-on-music-the-science-of-a-human-obsession_414/index.html
The Secret Garden, $    51.664 ,In stock,https://books.toscrape.com/the-secret-garden_413/index.html
The Raven King (The ..., $    51.665 ,In stock,https://books.toscrape.com/the-raven-king-the-raven-cycle-4_412/index.html
The Raven Boys (The ..., $    51.666 ,In stock,https://books.toscrape.com/the-raven-boys-the-raven-cycle-1_411/index.html
The Power Greens Cookbook: ..., $    51.667 ,In stock,https://books.toscrape.com/the-power-greens-cookbook-140-delicious-superfood-recipes_410/index.html
The Metamorphosis, $    51.668 ,In stock,https://books.toscrape.com/the-metamorphosis_409/index.html
The Mathews Men: Seven ..., $    51.669 ,In stock,https://books.toscrape.com/the-mathews-men-seven-brothers-and-the-war-against-hitlers-u-boats_408/index.html
The Little Paris Bookshop, $    51.670 ,In stock,https://books.toscrape.com/the-little-paris-bookshop_407/index.html
The Hiding Place, $    51.671 ,In stock,https://books.toscrape.com/the-hiding-place_406/index.html
The Grand Design, $    51.672 ,In stock,https://books.toscrape.com/the-grand-design_405/index.html
The Firm, $    51.673 ,In stock,https://books.toscrape.com/the-firm_404/index.html
The Fault in Our ..., $    51.674 ,In stock,https://books.toscrape.com/the-fault-in-our-stars_403/index.html
The False Prince (The ..., $    51.675 ,In stock,https://books.toscrape.com/the-false-prince-the-ascendance-trilogy-1_402/index.html
The Expatriates, $    51.676 ,In stock,https://books.toscrape.com/the-expatriates_401/index.html
